Code,Description,Code_type,Record_type
410,Acute myocardial infarction,ICD9,Condition
411,Other acute and subacute forms of ischemic heart disease,ICD9,Condition
411.1,Unstable Angina,ICD9,Condition
411.9,Other acute and subacute forms of ischaemic heart disease,ICD9,Condition
412,Old myocardial infarction,ICD9,Condition
413,Angina pectoris,ICD9,Condition
414,Other forms of chronic ischemic heart disease,ICD9,Condition
414.0,Coronary atherosclerosis,ICD9,Condition
414.2,Chronic total occlusion of coronary artery,ICD9,Condition
414.3,Coronary atherosclerosis due to lipid rich plaque,ICD9,Condition
414.4,Coronary atherosclerosis due to calcified coronary lesion,ICD9,Condition
414.8,Other specified forms of chronic ischemic heart disease,ICD9,Condition
414.9,Chronic ischemic heart disease unspecified,ICD9,Condition
429.7,"Certain sequelae of myocardial infarction, not elsewhere classified",ICD9,Condition
V45.81,Aortocoronary bypass status,ICD9,Condition
V45.82,Percutaneous transluminal coronary angioplasty status,ICD9,Condition
36.01,"Single vessel percutaneous transluminal coronary angioplasty [PTCA] or coronary
 atherectomy without mention of thrombolytic agent",ICD9,Procedure
36.02,"Single vessel percutaneous transluminal coronary angioplasty [PTCA] or coronary
 atherectomy with mention of thrombolytic agent",ICD9,Procedure
36.03,Open Chest Coronary Artery Angioplasty,ICD9,Procedure
36.05,"Multiple vessel percutaneous transluminal coronary angioplasty [PTCA] or coronary
 atherectomy performed during the same operation, with or without mention of
 thrombolytic agent",ICD9,Procedure
36.06,Insertion of non-drug-eluting coronary artery stent(s),ICD9,Procedure
36.07,Insertion of drug-eluting coronary artery stent(s),ICD9,Procedure
36.09,Other Removal Of Coronary Artery Obstruction,ICD9,Procedure
36.10,"Aortocoronary Bypass For Heart Revascularization, Not Otherwise Specified",ICD9,Procedure
36.11,(Aorto)coronary bypass of one coronary artery,ICD9,Procedure
36.12,Aortocoronary Bypass Of Two Coronary Arteries,ICD9,Procedure
36.13,Aortocoronary Bypass Of Three Coronary Arteries,ICD9,Procedure
36.14,Aortocoronary Bypass Of Four Or More Coronary Arteries,ICD9,Procedure
36.15,Single Internal Mammary-Coronary Artery Bypass,ICD9,Procedure
36.16,Double Internal Mammary-Coronary Artery Bypass,ICD9,Procedure
36.17,Abdominal-Coronary Artery Bypass,ICD9,Procedure
36.19,Other Bypass Anastomosis For Heart Revascularization,ICD9,Procedure
36.2,CABG surgery,ICD9,Procedure
I20,Unstable Angina,ICD10,Condition
I21,Acute myocardial infarction,ICD10,Condition
I21.0,ST elevation (STEMI) myocardial infarction of anterior wall,ICD10,Condition
I21.01,ST elevation (STEMI) myocardial infarction involving left main coronary artery,ICD10,Condition
I21.02,ST elevation (STEMI) myocardial infarction involving left anterior descending coronary artery,ICD10,Condition
I21.09,ST elevation (STEMI) myocardial infarction involving other coronary artery of anterior wall,ICD10,Condition
I21.1,ST elevation (STEMI) myocardial infarction of inferior wall,ICD10,Condition
I21.11,ST elevation (STEMI) myocardial infarction involving right coronary artery,ICD10,Condition
I21.19,ST elevation (STEMI) myocardial infarction involving other coronary artery of inferior wall,ICD10,Condition
I21.2,ST elevation (STEMI) myocardial infarction of other sites,ICD10,Condition
I21.21,ST elevation (STEMI) myocardial infarction involving left circumflex coronary artery,ICD10,Condition
I21.29,ST elevation (STEMI) myocardial infarction involving other sites,ICD10,Condition
I21.3,ST elevation (STEMI) myocardial infarction of unspecified site,ICD10,Condition
I21.4,Non-ST elevation (NSTEMI) myocardial infarction,ICD10,Condition
I21.9,"Acute myocardial infarction, unspecified",ICD10,Condition
I21.A,Other type of myocardial infarction,ICD10,Condition
I21.A1,Myocardial infarction type 2,ICD10,Condition
I21.A9,Other myocardial infarction type,ICD10,Condition
I22,Subsequent ST elevation (STEMI) and non-ST elevation (NSTEMI) myocardial infarction,ICD10,Condition
I22.0,Subsequent ST elevation (STEMI) myocardial infarction of anterior wall,ICD10,Condition
I22.1,Subsequent ST elevation (STEMI) myocardial infarction of inferior wall,ICD10,Condition
I22.2,Subsequent non-ST elevation (NSTEMI) myocardial infarction,ICD10,Condition
I22.8,Subsequent ST elevation (STEMI) myocardial infarction of other sites,ICD10,Condition
I22.9,Subsequent ST elevation (STEMI) myocardial infarction of unspecified site,ICD10,Condition
I23,Certain current complications following ST elevation (STEMI) and non-ST elevation (NSTEMI) myocardial infarction (within the 28 day period),ICD10,Condition
I23.0,Hemopericardium as current complication following acute myocardial infarction,ICD10,Condition
I23.1,Atrial septal defect as current complication following acute myocardial infarction,ICD10,Condition
I23.2,Ventricular septal defect as current complication following acute myocardial infarction,ICD10,Condition
I23.3,Rupture of cardiac wall without hemopericardium as current complication following acute myocardial infarction,ICD10,Condition
I23.5,Rupture of papillary muscle as current complication following acute myocardial infarction,ICD10,Condition
I23.6,"Thrombosis of atrium, auricular appendage, and ventricle as current complications following acute myocardial infarction",ICD10,Condition
I23.7,Postinfarction angina,ICD10,Condition
I23.8,Other current complications following acute myocardial infarction,ICD10,Condition
I24,Other acute ischemic heart diseases,ICD10,Condition
I24.0,Acute coronary thrombosis not resulting in myocardial infarction,ICD10,Condition
I24.1,Dressler's syndrome,ICD10,Condition
I24.8,Other forms of acute ischemic heart disease,ICD10,Condition
I24.9,"Acute ischemic heart disease, unspecified",ICD10,Condition
I25,Chronic Ischemic Heart Disease,ICD10,Condition
I25.1,Atherosclerotic heart disease of native coronary artery,ICD10,Condition
I25.110,Atherosclerotic heart disease of native coronary artery with unstable angina pectoris,ICD10,Condition
I25.111,Atherosclerotic heart disease of native coronary artery with angina pectoris with documented spasm,ICD10,Condition
I25.118,Atherosclerotic heart disease of native coronary artery with other forms of angina pectoris,ICD10,Condition
I25.119,Atherosclerotic heart disease of native coronary artery with unspecified angina pectoris,ICD10,Condition
I25.2,Old myocardial infarction,ICD10,Condition
I25.5,Ischemic cardiomyopathy,ICD10,Condition
I25.6,Silent myocardial ischemia,ICD10,Condition
I25.700,"Atherosclerosis of coronary artery bypass graft(s), unspecified, with unstable angina pectoris",ICD10,Condition
I25.701,"Atherosclerosis of coronary artery bypass graft(s), unspecified, with angina pectoris with documented spasm",ICD10,Condition
I25.708,"Atherosclerosis of coronary artery bypass graft(s), unspecified, with other forms of angina pectoris",ICD10,Condition
I25.709,"Atherosclerosis of coronary artery bypass graft(s), unspecified, with unspecified angina pectoris",ICD10,Condition
I25.710,Atherosclerosis of autologous vein coronary artery bypass graft(s) with unstable angina pectoris,ICD10,Condition
I25.711,Atherosclerosis of autologous vein coronary artery bypass graft(s) with angina pectoris with documented spasm,ICD10,Condition
I25.718,Atherosclerosis of autologous vein coronary artery bypass graft(s) with other forms of angina pectoris,ICD10,Condition
I25.719,Atherosclerosis of autologous vein coronary artery bypass graft(s) with unspecified angina pectoris,ICD10,Condition
I25.720,Atherosclerosis of autologous artery coronary artery bypass graft(s) with unstable angina pectoris,ICD10,Condition
I25.721,Athscl autologous artery CABG w ang pctrs w documented spasm,ICD10,Condition
I25.728,Atherosclerosis of autologous artery coronary artery bypass graft(s) with other forms of angina pectoris,ICD10,Condition
I25.729,Atherosclerosis of autologous artery coronary artery bypass graft(s) with unspecified angina pectoris,ICD10,Condition
I25.730,Atherosclerosis of nonautologous biological coronary artery bypass graft(s) with unstable angina pectoris,ICD10,Condition
I25.731,Athscl of nonautologous biological CABG w ang pctrs w documented spasm,ICD10,Condition
I25.738,Atherosclerosis of nonautologous biological coronary artery bypass graft(s) with other forms of angina pectoris,ICD10,Condition
I25.739,Atherosclerosis of nonautologous biological coronary artery bypass graft(s) with unspecified angina pectoris,ICD10,Condition
I25.750,Atherosclerosis of native coronary artery of transplanted heart with unstable angina,ICD10,Condition
I25.760,Atherosclerosis of bypass graft of coronary artery of transplanted heart with unstable angina,ICD10,Condition
I25.790,Atherosclerosis of other coronary artery bypass graft(s) with unstable angina pectoris,ICD10,Condition
I25.791,Atherosclerosis of other coronary artery bypass graft(s) with angina pectoris with documented spasm,ICD10,Condition
I25.798,Atherosclerosis of other coronary artery bypass graft(s) with other forms of angina pectoris,ICD10,Condition
I25.799,Atherosclerosis of other coronary artery bypass graft(s) with unspecified angina pectoris,ICD10,Condition
I25.8,Other forms of chronic ischemic heart disease,ICD10,Condition
I25.810,Atherosclerosis of coronary artery bypass graft(s) without angina pectoris,ICD10,Condition
I25.82,Chronic total occlusion of coronary artery,ICD10,Condition
I25.83,Coronary atherosclerosis due to lipid rich plaque,ICD10,Condition
I25.84,Coronary atherosclerosis due to calcified coronary lesion,ICD10,Condition
I25.89,Other forms of chronic ischemic heart disease,ICD10,Condition
I25.9,"Chronic ischemic heart disease, unspecified",ICD10,Condition
Z95.1,Presence of aortocoronary bypass graft,ICD10,Condition
Z95.5,Presence of coronary angioplasty implant and graft,ICD10,Condition
Z98.6,Angioplasty status,ICD10,Condition
Z98.61,Coronary angioplasty status,ICD10,Condition
021008C,"Bypass Coronary Artery, One Artery from Thoracic Artery with Zooplastic Tissue, Open Approach",ICD10,Procedure
021008W,"Bypass Coronary Artery, One Artery from Aorta with Zooplastic Tissue, Open Approach",ICD10,Procedure
0210088,"Bypass Coronary Artery, One Artery from Right Internal Mammary with Zooplastic Tissue, Open Approach",ICD10,Procedure
0210089,"Bypass Coronary Artery, One Artery from Left Internal Mammary with Zooplastic Tissue, Open Approach",ICD10,Procedure
0210093,"Bypass Coronary Artery, One Artery from Coronary Artery with Autologous Venous Tissue, Open Approach",ICD10,Procedure
0210098,"Bypass Coronary Artery, One Artery from Right Internal Mammary with Autologous Venous Tissue, Open Approach",ICD10,Procedure
0210099,"Bypass Coronary Artery, One Artery from Left Internal Mammary with Autologous Venous Tissue, Open Approach",ICD10,Procedure
021009C,"Bypass Coronary Artery, One Artery from Thoracic Artery with Autologous Venous Tissue, Open Approach",ICD10,Procedure
021009F,"Bypass Coronary Artery, One Artery from Abdominal Artery with Autologous Venous Tissue, Open Approach",ICD10,Procedure
021009W,"Bypass Coronary Artery, One Artery from Aorta with Autologous Venous Tissue, Open Approach",ICD10,Procedure
02100A3,"Bypass Coronary Artery, One Artery from Coronary Artery with Autologous Arterial Tissue, Open Approach",ICD10,Procedure
02100A8,"Bypass Coronary Artery, One Artery from Right Internal Mammary with Autologous Arterial Tissue, Open Approach",ICD10,Procedure
02100A9,"Bypass Coronary Artery, One Artery from Left Internal Mammary with Autologous Arterial Tissue, Open Approach",ICD10,Procedure
02100AC,"Bypass Coronary Artery, One Artery from Thoracic Artery with Autologous Arterial Tissue, Open Approach",ICD10,Procedure
02100AF,"Bypass Coronary Artery, One Artery from Abdominal Artery with Autologous Arterial Tissue, Open Approach",ICD10,Procedure
02100AW,"Bypass Coronary Artery, One Artery from Aorta with Autologous Arterial Tissue, Open Approach",ICD10,Procedure
02100J3,"Bypass Coronary Artery, One Artery from Coronary Artery with Synthetic Substitute, Open Approach",ICD10,Procedure
02100J8,"Bypass Coronary Artery, One Artery from Right Internal Mammary with Synthetic Substitute, Open Approach",ICD10,Procedure
02100J9,"Bypass Coronary Artery, One Artery from Left Internal Mammary with Synthetic Substitute, Open Approach",ICD10,Procedure
02100JC,"Bypass Coronary Artery, One Artery from Thoracic Artery with Synthetic Substitute, Open Approach",ICD10,Procedure
02100JF,"Bypass Coronary Artery, One Artery from Abdominal Artery with Synthetic Substitute, Open Approach",ICD10,Procedure
02100JW,"Bypass Coronary Artery, One Artery from Aorta with Synthetic Substitute, Open Approach",ICD10,Procedure
02100K3,"Bypass Coronary Artery, One Artery from Coronary Artery with Nonautologous Tissue Substitute, Open Approach",ICD10,Procedure
02100K8,"Bypass Coronary Artery, One Artery from Right Internal Mammary with Nonautologous Tissue Substitute, Open Approach",ICD10,Procedure
02100K9,"Bypass Coronary Artery, One Artery from Left Internal Mammary with Nonautologous Tissue Substitute, Open Approach",ICD10,Procedure
02100KC,"Bypass Coronary Artery, One Artery from Thoracic Artery with Nonautologous Tissue Substitute, Open Approach",ICD10,Procedure
02100KF,"Bypass Coronary Artery, One Artery from Abdominal Artery with Nonautologous Tissue Substitute, Open Approach",ICD10,Procedure
02100KW,"Bypass Coronary Artery, One Artery from Aorta with Nonautologous Tissue Substitute, Open Approach",ICD10,Procedure
02100Z3,"Bypass Coronary Artery, One Artery from Coronary Artery, Open Approach",ICD10,Procedure
02100Z8,"Bypass Coronary Artery, One Artery from Right Internal Mammary, Open Approach",ICD10,Procedure
02100Z9,"Bypass Coronary Artery, One Artery from Left Internal Mammary, Open Approach",ICD10,Procedure
02100ZC,"Bypass Coronary Artery, One Artery from Thoracic Artery, Open Approach",ICD10,Procedure
02100ZF,"Bypass Coronary Artery, One Artery from Abdominal Artery, Open Approach",ICD10,Procedure
0210488,"Bypass Coronary Artery, One Artery from Right Internal Mammary with Zooplastic Tissue, Percutaneous Endoscopic Approach",ICD10,Procedure
021048C,"Bypass Coronary Artery, One Artery from Thoracic Artery with Zooplastic Tissue, Percutaneous Endoscopic Approach",ICD10,Procedure
021048W,"Bypass Coronary Artery, One Artery from Aorta with Zooplastic Tissue, Percutaneous Endoscopic Approach",ICD10,Procedure
0210489,"Bypass Coronary Artery, One Artery from Left Internal Mammary with Zooplastic Tissue, Percutaneous Endoscopic Approach",ICD10,Procedure
0210493,"Bypass Coronary Artery, One Artery from Coronary Artery with Autologous Venous Tissue, Percutaneous Endoscopic Approach",ICD10,Procedure
0210498,"Bypass Coronary Artery, One Artery from Right Internal Mammary with Autologous Venous Tissue, Percutaneous Endoscopic Approach",ICD10,Procedure
0210499,"Bypass Coronary Artery, One Artery from Left Internal Mammary with Autologous Venous Tissue, Percutaneous Endoscopic Approach",ICD10,Procedure
021049C,"Bypass Coronary Artery, One Artery from Thoracic Artery with Autologous Venous Tissue, Percutaneous Endoscopic Approach",ICD10,Procedure
021049F,"Bypass Coronary Artery, One Artery from Abdominal Artery with Autologous Venous Tissue, Percutaneous Endoscopic Approach",ICD10,Procedure
021049W,"Bypass Coronary Artery, One Artery from Aorta with Autologous Venous Tissue, Percutaneous Endoscopic Approach",ICD10,Procedure
02104A3,"Bypass Coronary Artery, One Artery from Coronary Artery with Autologous Arterial Tissue, Percutaneous Endoscopic Approach",ICD10,Procedure
02104A8,"Bypass Coronary Artery, One Artery from Right Internal Mammary with Autologous Arterial Tissue, Percutaneous Endoscopic Approach",ICD10,Procedure
02104A9,"Bypass Coronary Artery, One Artery from Left Internal Mammary with Autologous Arterial Tissue, Percutaneous Endoscopic Approach",ICD10,Procedure
02104AC,"Bypass Coronary Artery, One Artery from Thoracic Artery with Autologous Arterial Tissue, Percutaneous Endoscopic Approach",ICD10,Procedure
02104AF,"Bypass Coronary Artery, One Artery from Abdominal Artery with Autologous Arterial Tissue, Percutaneous Endoscopic Approach",ICD10,Procedure
02104AW,"Bypass Coronary Artery, One Artery from Aorta with Autologous Arterial Tissue, Percutaneous Endoscopic Approach",ICD10,Procedure
02104J3,"Bypass Coronary Artery, One Artery from Coronary Artery with Synthetic Substitute, Percutaneous Endoscopic Approach",ICD10,Procedure
02104J8,"Bypass Coronary Artery, One Artery from Right Internal Mammary with Synthetic Substitute, Percutaneous Endoscopic Approach",ICD10,Procedure
02104J9,"Bypass Coronary Artery, One Artery from Left Internal Mammary with Synthetic Substitute, Percutaneous Endoscopic Approach",ICD10,Procedure
02104JC,"Bypass Coronary Artery, One Artery from Thoracic Artery with Synthetic Substitute, Percutaneous Endoscopic Approach",ICD10,Procedure
02104JF,"Bypass Coronary Artery, One Artery from Abdominal Artery with Synthetic Substitute, Percutaneous Endoscopic Approach",ICD10,Procedure
02104JW,"Bypass Coronary Artery, One Artery from Aorta with Synthetic Substitute, Percutaneous Endoscopic Approach",ICD10,Procedure
02104K3,"Bypass Coronary Artery, One Artery from Coronary Artery with Nonautologous Tissue Substitute, Percutaneous Endoscopic Approach",ICD10,Procedure
02104K8,"Bypass Coronary Artery, One Artery from Right Internal Mammary with Nonautologous Tissue Substitute, Percutaneous Endoscopic Approach",ICD10,Procedure
02104K9,"Bypass Coronary Artery, One Artery from Left Internal Mammary with Nonautologous Tissue Substitute, Percutaneous Endoscopic Approach",ICD10,Procedure
02104KC,"Bypass Coronary Artery, One Artery from Thoracic Artery with Nonautologous Tissue Substitute, Percutaneous Endoscopic Approach",ICD10,Procedure
02104KF,"Bypass Coronary Artery, One Artery from Abdominal Artery with Nonautologous Tissue Substitute, Percutaneous Endoscopic Approach",ICD10,Procedure
02104KW,"Bypass Coronary Artery, One Artery from Aorta with Nonautologous Tissue Substitute, Percutaneous Endoscopic Approach",ICD10,Procedure
02104Z3,"Bypass Coronary Artery, One Artery from Coronary Artery, Percutaneous Endoscopic Approach",ICD10,Procedure
02104Z8,"Bypass Coronary Artery, One Artery from Right Internal Mammary, Percutaneous Endoscopic Approach",ICD10,Procedure
02104Z9,"Bypass Coronary Artery, One Artery from Left Internal Mammary, Percutaneous Endoscopic Approach",ICD10,Procedure
02104ZC,"Bypass Coronary Artery, One Artery from Thoracic Artery, Percutaneous Endoscopic Approach",ICD10,Procedure
02104ZF,"Bypass Coronary Artery, One Artery from Abdominal Artery, Percutaneous Endoscopic Approach",ICD10,Procedure
021108W,"Bypass Coronary Artery, Two Arteries from Aorta with Zooplastic Tissue, Open Approach",ICD10,Procedure
211098,"Bypass Coronary Artery, Two Arteries from Right Internal Mammary with Autologous Venous Tissue, Open Approach",ICD10,Procedure
211099,"Bypass Coronary Artery, Two Arteries from Left Internal Mammary with Autologous Venous Tissue, Open Approach",ICD10,Procedure
021109C,"Bypass Coronary Artery, Two Arteries from Thoracic Artery with Autologous Venous Tissue, Open Approach",ICD10,Procedure
021109W,"Bypass Coronary Artery, Two Arteries from Aorta with Autologous Venous Tissue, Open Approach",ICD10,Procedure
02110A8,"Bypass Coronary Artery, Two Arteries from Right Internal Mammary with Autologous Arterial Tissue, Open Approach",ICD10,Procedure
02110A9,"Bypass Coronary Artery, Two Arteries from Left Internal Mammary with Autologous Arterial Tissue, Open Approach",ICD10,Procedure
02110AC,"Bypass Coronary Artery, Two Arteries from Thoracic Artery with Autologous Arterial Tissue, Open Approach",ICD10,Procedure
02110AW,"Bypass Coronary Artery, Two Arteries from Aorta with Autologous Arterial Tissue, Open Approach",ICD10,Procedure
02110J8,"Bypass Coronary Artery, Two Arteries from Right Internal Mammary with Synthetic Substitute, Open Approach",ICD10,Procedure
02110J9,"Bypass Coronary Artery, Two Arteries from Left Internal Mammary with Synthetic Substitute, Open Approach",ICD10,Procedure
02110JC,"Bypass Coronary Artery, Two Arteries from Thoracic Artery with Synthetic Substitute, Open Approach",ICD10,Procedure
02110JW,"Bypass Coronary Artery, Two Arteries from Aorta with Synthetic Substitute, Open Approach",ICD10,Procedure
02110K8,"Bypass Coronary Artery, Two Arteries from Right Internal Mammary with Nonautologous Tissue Substitute, Open Approach",ICD10,Procedure
02110K9,"Bypass Coronary Artery, Two Arteries from Left Internal Mammary with Nonautologous Tissue Substitute, Open Approach",ICD10,Procedure
02110KC,"Bypass Coronary Artery, Two Arteries from Thoracic Artery with Nonautologous Tissue Substitute, Open Approach",ICD10,Procedure
02110KW,"Bypass Coronary Artery, Two Arteries from Aorta with Nonautologous Tissue Substitute, Open Approach",ICD10,Procedure
02110Z8,"Bypass Coronary Artery, Two Arteries from Right Internal Mammary, Open Approach",ICD10,Procedure
02110Z9,"Bypass Coronary Artery, Two Arteries from Left Internal Mammary, Open Approach",ICD10,Procedure
02110ZC,"Bypass Coronary Artery, Two Arteries from Thoracic Artery, Open Approach",ICD10,Procedure
021148W,"Bypass Coronary Artery, Two Arteries from Aorta with Zooplastic Tissue, Percutaneous Endoscopic Approach",ICD10,Procedure
211498,"Bypass Coronary Artery, Two Arteries from Right Internal Mammary with Autologous Venous Tissue, Percutaneous Endoscopic Approach",ICD10,Procedure
211499,"Bypass Coronary Artery, Two Arteries from Left Internal Mammary with Autologous Venous Tissue, Percutaneous Endoscopic Approach",ICD10,Procedure
021149C,"Bypass Coronary Artery, Two Arteries from Thoracic Artery with Autologous Venous Tissue, Percutaneous Endoscopic Approach",ICD10,Procedure
021149W,"Bypass Coronary Artery, Two Arteries from Aorta with Autologous Venous Tissue, Percutaneous Endoscopic Approach",ICD10,Procedure
02114A8,"Bypass Coronary Artery, Two Arteries from Right Internal Mammary with Autologous Arterial Tissue, Percutaneous Endoscopic Approach",ICD10,Procedure
02114A9,"Bypass Coronary Artery, Two Arteries from Left Internal Mammary with Autologous Arterial Tissue, Percutaneous Endoscopic Approach",ICD10,Procedure
02114AC,"Bypass Coronary Artery, Two Arteries from Thoracic Artery with Autologous Arterial Tissue, Percutaneous Endoscopic Approach",ICD10,Procedure
02114AW,"Bypass Coronary Artery, Two Arteries from Aorta with Autologous Arterial Tissue, Percutaneous Endoscopic Approach",ICD10,Procedure
02114J8,"Bypass Coronary Artery, Two Arteries from Right Internal Mammary with Synthetic Substitute, Percutaneous Endoscopic Approach",ICD10,Procedure
02114J9,"Bypass Coronary Artery, Two Arteries from Left Internal Mammary with Synthetic Substitute, Percutaneous Endoscopic Approach",ICD10,Procedure
02114JC,"Bypass Coronary Artery, Two Arteries from Thoracic Artery with Synthetic Substitute, Percutaneous Endoscopic Approach",ICD10,Procedure
02114JW,"Bypass Coronary Artery, Two Arteries from Aorta with Synthetic Substitute, Percutaneous Endoscopic Approach",ICD10,Procedure
02114K8,"Bypass Coronary Artery, Two Arteries from Right Internal Mammary with Nonautologous Tissue Substitute, Percutaneous Endoscopic Approach",ICD10,Procedure
02114K9,"Bypass Coronary Artery, Two Arteries from Left Internal Mammary with Nonautologous Tissue Substitute, Percutaneous Endoscopic Approach",ICD10,Procedure
02114KC,"Bypass Coronary Artery, Two Arteries from Thoracic Artery with Nonautologous Tissue Substitute, Percutaneous Endoscopic Approach",ICD10,Procedure
02114KW,"Bypass Coronary Artery, Two Arteries from Aorta with Nonautologous Tissue Substitute, Percutaneous Endoscopic Approach",ICD10,Procedure
02114Z8,"Bypass Coronary Artery, Two Arteries from Right Internal Mammary, Percutaneous Endoscopic Approach",ICD10,Procedure
02114Z9,"Bypass Coronary Artery, Two Arteries from Left Internal Mammary, Percutaneous Endoscopic Approach",ICD10,Procedure
02114ZC,"Bypass Coronary Artery, Two Arteries from Thoracic Artery, Percutaneous Endoscopic Approach",ICD10,Procedure
021209C,"Bypass Coronary Artery, Three Arteries from Thoracic Artery with Autologous Venous Tissue, Open Approach",ICD10,Procedure
021209W,"Bypass Coronary Artery, Three Arteries from Aorta with Autologous Venous Tissue, Open Approach",ICD10,Procedure
02120AC,"Bypass Coronary Artery, Three Arteries from Thoracic Artery with Autologous Arterial Tissue, Open Approach",ICD10,Procedure
02120AW,"Bypass Coronary Artery, Three Arteries from Aorta with Autologous Arterial Tissue, Open Approach",ICD10,Procedure
02120JC,"Bypass Coronary Artery, Three Arteries from Thoracic Artery with Synthetic Substitute, Open Approach",ICD10,Procedure
02120JW,"Bypass Coronary Artery, Three Arteries from Aorta with Synthetic Substitute, Open Approach",ICD10,Procedure
02120KC,"Bypass Coronary Artery, Three Arteries from Thoracic Artery with Nonautologous Tissue Substitute, Open Approach",ICD10,Procedure
02120KW,"Bypass Coronary Artery, Three Arteries from Aorta with Nonautologous Tissue Substitute, Open Approach",ICD10,Procedure
02120ZC,"Bypass Coronary Artery, Three Arteries from Thoracic Artery, Open Approach",ICD10,Procedure
021249C,"Bypass Coronary Artery, Three Arteries from Thoracic Artery with Autologous Venous Tissue, Percutaneous Endoscopic Approach",ICD10,Procedure
021249W,"Bypass Coronary Artery, Three Arteries from Aorta with Autologous Venous Tissue, Percutaneous Endoscopic Approach",ICD10,Procedure
02124AC,"Bypass Coronary Artery, Three Arteries from Thoracic Artery with Autologous Arterial Tissue, Percutaneous Endoscopic Approach",ICD10,Procedure
02124AW,"Bypass Coronary Artery, Three Arteries from Aorta with Autologous Arterial Tissue, Percutaneous Endoscopic Approach",ICD10,Procedure
02124JC,"Bypass Coronary Artery, Three Arteries from Thoracic Artery with Synthetic Substitute, Percutaneous Endoscopic Approach",ICD10,Procedure
02124JW,"Bypass Coronary Artery, Three Arteries from Aorta with Synthetic Substitute, Percutaneous Endoscopic Approach",ICD10,Procedure
02124KC,"Bypass Coronary Artery, Three Arteries from Thoracic Artery with Nonautologous Tissue Substitute, Percutaneous Endoscopic Approach",ICD10,Procedure
02124KW,"Bypass Coronary Artery, Three Arteries from Aorta with Nonautologous Tissue Substitute, Percutaneous Endoscopic Approach",ICD10,Procedure
02124ZC,"Bypass Coronary Artery, Three Arteries from Thoracic Artery, Percutaneous Endoscopic Approach",ICD10,Procedure
021308W,"Bypass Coronary Artery, Four or More Arteries from Aorta with Zooplastic Tissue, Open Approach",ICD10,Procedure
021309C,"Bypass Coronary Artery, Four or More Arteries from Thoracic Artery with Autologous Venous Tissue, Open Approach",ICD10,Procedure
021309W,"Bypass Coronary Artery, Four or More Arteries from Aorta with Autologous Venous Tissue, Open Approach",ICD10,Procedure
02130AC,"Bypass Coronary Artery, Four or More Arteries from Thoracic Artery with Autologous Arterial Tissue, Open Approach",ICD10,Procedure
02130AW,"Bypass Coronary Artery, Four or More Arteries from Aorta with Autologous Arterial Tissue, Open Approach",ICD10,Procedure
02130JC,"Bypass Coronary Artery, Four or More Arteries from Thoracic Artery with Synthetic Substitute, Open Approach",ICD10,Procedure
02130JW,"Bypass Coronary Artery, Four or More Arteries from Aorta with Synthetic Substitute, Open Approach",ICD10,Procedure
02130KC,"Bypass Coronary Artery, Four or More Arteries from Thoracic Artery with Nonautologous Tissue Substitute, Open Approach",ICD10,Procedure
02130KW,"Bypass Coronary Artery, Four or More Arteries from Aorta with Nonautologous Tissue Substitute, Open Approach",ICD10,Procedure
02130ZC,"Bypass Coronary Artery, Four or More Arteries from Thoracic Artery, Open Approach",ICD10,Procedure
021349C,"Bypass Coronary Artery, Four or More Arteries from Thoracic Artery with Autologous Venous Tissue, Percutaneous Endoscopic Approach",ICD10,Procedure
021349W,"Bypass Coronary Artery, Four or More Arteries from Aorta with Autologous Venous Tissue, Percutaneous Endoscopic Approach",ICD10,Procedure
02134AC,"Bypass Coronary Artery, Four or More Arteries from Thoracic Artery with Autologous Arterial Tissue, Percutaneous Endoscopic Approach",ICD10,Procedure
02134AW,"Bypass Coronary Artery, Four or More Arteries from Aorta with Autologous Arterial Tissue, Percutaneous Endoscopic Approach",ICD10,Procedure
02134JC,"Bypass Coronary Artery, Four or More Arteries from Thoracic Artery with Synthetic Substitute, Percutaneous Endoscopic Approach",ICD10,Procedure
02134JW,"Bypass Coronary Artery, Four or More Arteries from Aorta with Synthetic Substitute, Percutaneous Endoscopic Approach",ICD10,Procedure
02134KC,"Bypass Coronary Artery, Four or More Arteries from Thoracic Artery with Nonautologous Tissue Substitute, Percutaneous Endoscopic Approach",ICD10,Procedure
02134KW,"Bypass Coronary Artery, Four or More Arteries from Aorta with Nonautologous Tissue Substitute, Percutaneous Endoscopic Approach",ICD10,Procedure
02134ZC,"Bypass Coronary Artery, Four or More Arteries from Thoracic Artery, Percutaneous Endoscopic Approach",ICD10,Procedure
0270xxx,"Dilation of Coronary Artery, One Artery",ICD10,Procedure
02700ZZ,"Dilation of Coronary Artery, One Artery, Open Approach",ICD10,Procedure
02703ZZ,"Dilation of Coronary Artery, One Artery, Percutaneous Approach.",ICD10,Procedure
02704ZZ,"Dilation of Coronary Artery, One Artery, Percutaneous Endoscopic Approach",ICD10,Procedure
0271xxx,"Dilation of Coronary Artery, Two Arteries",ICD10,Procedure
02710ZZ,"Dilation of Coronary Artery, Two Arteries, Open Approach",ICD10,Procedure
02713ZZ,"Dilation of Coronary Artery, Two Arteries, Percutaneous Approach",ICD10,Procedure
02714ZZ,"Dilation of Coronary Artery, Two Arteries, Percutaneous Endoscopic Approach",ICD10,Procedure
0272xxx,"Dilation of Coronary Artery, Three Arteries",ICD10,Procedure
02720ZZ,"Dilation of Coronary Artery, Three Arteries, Open Approach",ICD10,Procedure
02723ZZ,"Dilation of Coronary Artery, Three Arteries, Percutaneous Approach",ICD10,Procedure
02724ZZ,"Dilation of Coronary Artery, Three Arteries, Percutaneous Endoscopic Approach",ICD10,Procedure
0273xxx,"Dilation of Coronary Artery, Four or More Arteries",ICD10,Procedure
02730ZZ,"Dilation of Coronary Artery, Four or More Arteries, Open Approach",ICD10,Procedure
02733ZZ,"Dilation of Coronary Artery, Four or More Arteries, Percutaneous Approach",ICD10,Procedure
02734ZZ,"Dilation of Coronary Artery, Four or More Arteries, Percutaneous Endoscopic Approach",ICD10,Procedure
02C0xxx,Extirpation of Matter from Coronary Artery,ICD10,Procedure
02C00Z6,"Extirpation of Matter from Coronary Artery, One Artery, Bifurcation, Open Approach",ICD10,Procedure
02C00ZZ,"Extirpation of Matter from Coronary Artery, One Artery, Open Approach",ICD10,Procedure
02C03Z6,"Extirpation of Matter from Coronary Artery, One Artery, Bifurcation, Percutaneous Approach",ICD10,Procedure
02C03Z7,"Extirpation of Matter from Coronary Artery, One Artery, Orbital Atherectomy Technique, Percutaneous Approach",ICD10,Procedure
02C03ZZ,"Extirpation of Matter from Coronary Artery, One Artery, Percutaneous Approach",ICD10,Procedure
02C04Z6,"Extirpation of Matter from Coronary Artery, One Artery, Bifurcation, Percutaneous Endoscopic Approach",ICD10,Procedure
02C04ZZ,"Extirpation of Matter from Coronary Artery, One Artery, Percutaneous Endoscopic Approach",ICD10,Procedure
02C1xxx,"Extirpation of Matter from Coronary Artery, Two Arteries",ICD10,Procedure
02C10Z6,"Extirpation of Matter from Coronary Artery, Two Artery, Bifurcation, Open Approach",ICD10,Procedure
02C10ZZ,"Extirpation of Matter from Coronary Artery, Two Arteries, Open Approach",ICD10,Procedure
02C13Z6,"Extirpation of Matter from Coronary Artery, Two Arteries, Bifurcation, Percutaneous Approach",ICD10,Procedure
02C13Z7,"Extirpation of Matter from Coronary Artery, Two Arteries, Orbital Atherectomy Technique, Percutaneous Approach",ICD10,Procedure
02C13ZZ,"Extirpation of Matter from Coronary Artery, Two Arteries, Percutaneous Approach",ICD10,Procedure
02C14Z6,"Extirpation of Matter from Coronary Artery, Two Artery, Bifurcation, Percutaneous Endoscopic Approach",ICD10,Procedure
02C14ZZ,"Extirpation of Matter from Coronary Artery, Two Arteries, Percutaneous Endoscopic Approach",ICD10,Procedure
02C2xxx,"Extirpation of Matter from Coronary Artery, Three Arteries",ICD10,Procedure
02C20Z6,"Extirpation of Matter from Coronary Artery, Three Arteries, Bifurcation, Open Approach",ICD10,Procedure
02C20ZZ,"Extirpation of Matter from Coronary Artery, Three Arteries, Open Approach",ICD10,Procedure
02C23Z6,"Extirpation of Matter from Coronary Artery, Three Artery, Bifurcation, Open Approach",ICD10,Procedure
02C23Z7,"Extirpation of Matter from Coronary Artery, Three Arteries, Open Approach",ICD10,Procedure
02C23ZZ,"Extirpation of Matter from Coronary Artery, Three Arteries, Percutaneous Approach",ICD10,Procedure
02C24Z6,"Extirpation of Matter from Coronary Artery, Three Arteries, Bifurcation, Percutaneous Endoscopic Approach",ICD10,Procedure
02C24ZZ,"Extirpation of Matter from Coronary Artery, Three Arteries, Percutaneous Endoscopic Approach",ICD10,Procedure
02C3xxx,"Extirpation of Matter from Coronary Artery, Four or More Arteries",ICD10,Procedure
02C30Z6,"Extirpation of Matter from Coronary Artery, Four or More Arteries, Bifurcation, Open Approach",ICD10,Procedure
02C30ZZ,"Extirpation of Matter from Coronary Artery, Four or More Arteries, Open Approach",ICD10,Procedure
02C33Z6,"Extirpation of Matter from Coronary Artery, Four or More Arteries, Bifurcation, Open Approach",ICD10,Procedure
02C33Z7,"Extirpation of Matter from Coronary Artery, Four or More Arteries, Percutaneous Endoscopic Approach",ICD10,Procedure
02C33ZZ,"Extirpation of Matter from Coronary Artery, Four or More Arteries, Percutaneous Approach",ICD10,Procedure
02C34Z6,"Extirpation of Matter from Coronary Artery, Four or More Arteries, Bifurcation, Percutaneous Endoscopic Approach",ICD10,Procedure
02C34ZZ,"Extirpation of Matter from Coronary Artery, Four or More Arteries, Percutaneous Endoscopic Approach",ICD10,Procedure
3E07017,"Introduction of Other Thrombolytic into Coronary Artery, Open Approach",ICD10,Procedure
3E070PZ,"Introduction of Platelet Inhibitor into Coronary Artery, Open Approach",ICD10,Procedure
3E07317,"Introduction of Other Thrombolytic into Coronary Artery, Percutaneous Approach",ICD10,Procedure
3E073PZ,"Introduction of Platelet Inhibitor into Coronary Artery, Percutaneous Approach",ICD10,Procedure
33510,"Coronary artery bypass, vein only; single coronary venous graft",CPT,Procedure
33511,"Coronary artery bypass, vein only; 2 coronary venous grafts",CPT,Procedure
33512,"Coronary artery bypass, vein only; 3 coronary venous grafts",CPT,Procedure
33513,"Coronary artery bypass, vein only; 4 coronary venous grafts",CPT,Procedure
33514,"Coronary artery bypass, vein only; 5 coronary venous grafts",CPT,Procedure
33516,"Coronary artery bypass, vein only; 6 or more coronary venous grafts",CPT,Procedure
33517,"Coronary artery bypass, using venous graft(s) and arterial graft(s); single vein graft (List separately in addition to code for primary procedure)",CPT,Procedure
33518,"Coronary artery bypass, using venous graft(s) and arterial graft(s); 2 venous grafts (List separately in addition to code for primary procedure)",CPT,Procedure
33519,"Coronary artery bypass, using venous graft(s) and arterial graft(s); 3 venous grafts (List separately in addition to code for primary procedure)",CPT,Procedure
33521,"Coronary artery bypass, using venous graft(s) and arterial graft(s); 4 venous grafts (List separately in addition to code for primary procedure)",CPT,Procedure
33522,"Coronary artery bypass, using venous graft(s) and arterial graft(s); 5 venous grafts (List separately in addition to code for primary procedure)",CPT,Procedure
33523,"Coronary artery bypass, using venous graft(s) and arterial graft(s); 6 or more venous grafts (List separately in addition to code for primary procedure)",CPT,Procedure
33533,"Coronary artery bypass, using arterial graft(s); single arterial graft",CPT,Procedure
33534,"Coronary artery bypass, using arterial graft(s); 2 coronary arterial grafts",CPT,Procedure
33535,"Coronary artery bypass, using arterial graft(s); 3 coronary arterial grafts",CPT,Procedure
33536,"Coronary artery bypass, using arterial graft(s); 4 or more coronary arterial grafts",CPT,Procedure
33545,Arterial Grafting for Coronary Artery Bypass,CPT,Procedure
33572,Coronary Endarterectomy Procedures,CPT,Procedure
35500,Vein Bypass Graft Procedures,CPT,Procedure
92920,Percutaneous revascularization services performed for occlusive disease of the coronary vessels,CPT,Procedure
92921,"Percutaneous transluminal coronary angioplasty; each additional branch of a major coronary artery (List
 separately in addition to code for primary procedure)",CPT,Procedure
92924,"Percutaneous transluminal coronary atherectomy, with coronary angioplasty when performed; single
 major coronary artery or branch",CPT,Procedure
92925,"Percutaneous transluminal coronary atherectomy, with coronary angioplasty when performed; each
 additional branch of a major coronary artery (List separately in addition to code for primary procedure)",CPT,Procedure
92928,"Percutaneous transcatheter placement of intracoronary stent(s), with coronary angioplasty when performed; single major coronary artery or branch",CPT,Procedure
92929,"Percutaneous transcatheter placement of intracoronary stent(s), with coronary angioplasty when performed; each additional branch of a major coronary artery (List separately in addition to code for primary procedure)",CPT,Procedure
92933,"Percutaneous transluminal coronary atherectomy, with intracoronary stent, with coronary angioplasty when performed; single major coronary artery or branch",CPT,Procedure
92934,"Percutaneous transluminal coronary atherectomy, with intracoronary stent, with coronary angioplasty when performed; each additional branch of a major coronary artery (List separately in addition to code for primary procedure)",CPT,Procedure
92937,"Percutaneous transluminal revascularization of or through coronary artery bypass graft (internal mammary, free arterial, venous), any combination of intracoronary stent, atherectomy and angioplasty, including distal protection when performed; single vessel",CPT,Procedure
92938,"Percutaneous transluminal revascularization of or through coronary artery bypass graft (internal mammary, free arterial, venous), any combination of intracoronary stent, atherectomy and angioplasty, including distal protection when performed; each additional branch subtended by the bypass graft (List separately in addition to code for primary procedure)",CPT,Procedure
92941,"Percutaneous transluminal revascularization of acute total/subtotal occlusion during acute myocardial infarction, coronary artery or coronary artery bypass graft, any combination of intracoronary stent, atherectomy and angioplasty, including aspiration thrombectomy when performed, single vessel",CPT,Procedure
92943,"Percutaneous transluminal revascularization of acute total/subtotal occlusion during acute myocardial infarction, coronary artery or coronary artery bypass graft, any combination of intracoronary stent, atherectomy and angioplasty, including aspiration thrombectomy when performed, single vessel",CPT,Procedure
92944,"Percutaneous transluminal revascularization of chronic total occlusion, coronary artery, coronary artery branch, or coronary artery bypass graft, any combination of intracoronary stent, atherectomy and angioplasty; each additional coronary artery, coronary artery branch, or bypass graft (List separately in addition to code for primary procedure)",CPT,Procedure
92973,Percutaneous transluminal coronary thrombectomy mechanical (List separately in addition to code for primary procedure),CPT,Procedure
92974,Transcatheter placement of radiation delivery device for subsequent coronary intravascular brachytherapy (List separately in addition to code for primary procedure),CPT,Procedure
92975,"Thrombolysis, coronary; by intracoronary infusion, including selective coronary angiography",CPT,Procedure
92977,An intravenous injection or infusion of a thrombolytic agent,CPT,Procedure
92980,"Transcatheter placement of an intracoronary stent(s), percutaneous, with or without other therapeutic intervention, any method; single vessel",CPT,Procedure
92981,"Transcatheter placement of an intracoronary stent(s), percutaneous, with or without other therapeutic intervention, any method; each additional vessel (List separately in addition to code for primary procedure)",CPT,Procedure
92982,Percutaneous transluminal coronary balloon angioplasty; single vessel,CPT,Procedure
92984,Percutaneous transluminal coronary balloon angioplasty; each additional vessel (List separately in addition to code for primary procedure),CPT,Procedure
92995,"Percutaneous transluminal coronary atherectomy, by mechanical or other method, with or without balloon angioplasty; single vessel",CPT,Procedure
92996,"Percutaneous transluminal coronary atherectomy, by mechanical or other method, with or without balloon angioplasty; each additional vessel (List separately in addition to code for primary procedure)",CPT,Procedure
92998,Percutaneous transluminal pulmonary artery balloon angioplasty.,CPT,Procedure
C9600,"Percutaneous transcatheter placement of drug eluting intracoronary stent(s), with coronary angioplasty when performed; single major coronary artery or branch",CPT,Procedure
C9601,"Percutaneous transcatheter placement of drug-eluting intracoronary stent(s), with coronary angioplasty when performed; each additional branch of a major coronary artery (list separately in addition to code for primary procedure)",CPT,Procedure
C9602,"Percutaneous transluminal coronary atherectomy, with drug eluting intracoronary stent, with coronary angioplasty when performed; single major coronary artery or branch",CPT,Procedure
C9603,"Percutaneous transluminal coronary atherectomy, with drug-eluting intracoronary stent, with coronary angioplasty when performed; each additional branch of a major coronary artery (list separately in addition to code for primary procedure)",CPT,Procedure
C9604,"Percutaneous transluminal revascularization of or through coronary artery bypass graft (internal mammary, free arterial, venous), any combination of drug-eluting intracoronary stent, atherectomy and angioplasty, including distal protection when performed; single vessel",CPT,Procedure
C9605,"Percutaneous transluminal revascularization of or through coronary artery bypass graft (internal mammary, free arterial, venous), any combination of drug-eluting intracoronary stent, atherectomy and angioplasty, including distal protection when performed; each additional branch subtended by the bypass graft (list separately in addition to code for primary procedure)",CPT,Procedure
C9606,"Percutaneous transluminal revascularization of acute total/subtotal occlusion during acute myocardial infarction, coronary artery or coronary artery bypass graft, any combination of drug-eluting intracoronary stent, atherectomy and angioplasty, including aspiration thrombectomy when performed, single vessel",CPT,Procedure
C9607,"Percutaneous transluminal revascularization of chronic total occlusion, coronary artery, coronary artery branch, or coronary artery bypass graft, any combination of drug-eluting intracoronary stent, atherectomy and angioplasty; single vessel",CPT,Procedure
C9608,"Percutaneous transluminal revascularization of chronic total occlusion, coronary artery, coronary artery branch, or coronary artery bypass graft, any combination of drug-eluting intracoronary stent, atherectomy and angioplasty; each additional coronary artery, coronary artery branch, or bypass graft (list separately in addition to code for primary procedure)",CPT,Procedure
282006,Acute myocardial infarction of other lateral wall episode of care unspecified,SNOMED,Condition
1077002,Acute myocardial infarction of other specified sites episode of care unspecified,SNOMED,Condition
1755008,Old myocardial infarction,SNOMED,Condition
3098007,Acute myocardial infarction of other specified sites episode of care unspecified,SNOMED,Condition
10273003,Acute myocardial infarction of other specified sites episode of care unspecified,SNOMED,Condition
15990001,Acute myocardial infarction of other lateral wall episode of care unspecified,SNOMED,Condition
22298006,Heart attack,SNOMED,Condition
52035003,Acute myocardial infarction of other anterior wall episode of care unspecified,SNOMED,Condition
54329005,Anterior myocardial infarction NOS,SNOMED,Condition
56276002,Acute myocardial infarction of other specified sites episode of care unspecified,SNOMED,Condition
57054005,Acute myocardial infarction,SNOMED,Condition
58612006,Acute myocardial infarction of lateral wall,SNOMED,Condition
59063002,Acute myocardial infarction of other lateral wall episode of care unspecified,SNOMED,Condition
62695002,Acute myocardial infarction of other anterior wall episode of care unspecified,SNOMED,Condition
64627002,Acute myocardial infarction of other lateral wall episode of care unspecified,SNOMED,Condition
65547006,Acute inferolateral infarction,SNOMED,Condition
70211005,Acute anterolateral infarction,SNOMED,Condition
70422006,Acute subendocardial infarction,SNOMED,Condition
73795002,Inferior myocardial infarction NOS,SNOMED,Condition
76593002,Acute myocardial infarction of inferoposterior wall,SNOMED,Condition
79009004,Acute myocardial infarction of other specified sites episode of care unspecified,SNOMED,Condition
164868007,Acute myocardial infarction of other anterior wall episode of care unspecified,SNOMED,Condition
164871004,Acute myocardial infarction of other lateral wall episode of care unspecified,SNOMED,Condition
194809007,Acute myocardial infarction of other specified sites episode of care unspecified,SNOMED,Condition
194856005,Acute myocardial infarction of unspecified site episode of care unspecified,SNOMED,Condition
194857001,Acute myocardial infarction of unspecified site episode of care unspecified,SNOMED,Condition
194858006,Acute myocardial infarction of unspecified site episode of care unspecified,SNOMED,Condition
194862000,Acute myocardial infarction of unspecified site episode of care unspecified,SNOMED,Condition
194866002,Acute myocardial infarction of unspecified site episode of care unspecified,SNOMED,Condition
194868001,Acute myocardial infarction of unspecified site episode of care unspecified,SNOMED,Condition
233825009,Acute myocardial infarction of other anterior wall episode of care unspecified,SNOMED,Condition
233826005,Acute myocardial infarction of other anterior wall episode of care unspecified,SNOMED,Condition
233827001,Acute Q wave infarction - anterolateral,SNOMED,Condition
233829003,Acute myocardial infarction of other inferior wall episode of care unspecified,SNOMED,Condition
233830008,Acute myocardial infarction of other inferior wall episode of care unspecified,SNOMED,Condition
233831007,Acute Q wave infarction - inferolateral,SNOMED,Condition
233833005,Acute myocardial infarction of other lateral wall episode of care unspecified,SNOMED,Condition
233834004,Acute myocardial infarction of other lateral wall episode of care unspecified,SNOMED,Condition
233838001,Posterior myocardial infarction NOS,SNOMED,Condition
304914007,Acute Q-wave infarct,SNOMED,Condition
311792005,Acute myocardial infarction of other anterior wall episode of care unspecified,SNOMED,Condition
311793000,Acute myocardial infarction of other inferior wall episode of care unspecified,SNOMED,Condition
371817007,Acute myocardial infarction of other specified sites episode of care unspecified,SNOMED,Condition
394710008,Acute myocardial infarction of unspecified site episode of care unspecified,SNOMED,Condition
401303003,Acute ST segment elevation myocardial infarction,SNOMED,Condition
401314000,Acute non-ST segment elevation myocardial infarction,SNOMED,Condition
418044006,Acute myocardial infarction of unspecified site episode of care unspecified,SNOMED,Condition
703164000,Acute myocardial infarction of other anterior wall episode of care unspecified,SNOMED,Condition
703165004,Acute myocardial infarction of other anterior wall episode of care unspecified,SNOMED,Condition
703209002,Acute myocardial infarction of other inferior wall episode of care unspecified,SNOMED,Condition
703210007,Acute myocardial infarction of other anterior wall episode of care unspecified,SNOMED,Condition
703211006,Acute myocardial infarction of unspecified site episode of care unspecified,SNOMED,Condition
703213009,Acute myocardial infarction of other inferior wall episode of care unspecified,SNOMED,Condition
703251009,Acute myocardial infarction of inferior wall involving right ventricle,SNOMED,Condition
703252002,Acute myocardial infarction of other anterior wall episode of care unspecified,SNOMED,Condition
703253007,Acute myocardial infarction of other inferior wall episode of care unspecified,SNOMED,Condition
840309000,Acute ST segment elevation myocardial infarction due to proximal left anterior descending coronary artery occlusion,SNOMED,Condition
840312002,Acute ST segment elevation myocardial infarction due to mid left anterior descending coronary artery occlusion,SNOMED,Condition
840316004,Acute ST segment elevation myocardial infarction due to distal left anterior descending coronary artery occlusion,SNOMED,Condition
840609007,Acute ST segment elevation myocardial infarction due to occlusion of anterior descending branch of left coronary artery,SNOMED,Condition
840680009,Acute ST segment elevation myocardial infarction due to occlusion of septal branch of anterior descending branch of left coronary artery,SNOMED,Condition
846668006,Acute ST segment elevation myocardial infarction due to occlusion of diagonal branch of anterior descending branch of left coronary artery,SNOMED,Condition
846683001,Acute ST segment elevation myocardial infarction due to occlusion of intermediate artery,SNOMED,Condition
868214006,Acute ST segment elevation myocardial infarction due to occlusion of proximal portion of right coronary artery,SNOMED,Condition
868217004,Acute ST segment elevation myocardial infarction due to occlusion of distal portion of right coronary artery,SNOMED,Condition
868220007,Acute ST segment elevation myocardial infarction due to occlusion of mid portion of right coronary artery,SNOMED,Condition
868224003,Acute ST segment elevation myocardial infarction due to occlusion of marginal branch of right coronary artery,SNOMED,Condition
868225002,Acute ST segment elevation myocardial infarction due to occlusion of posterior descending branch of right coronary artery,SNOMED,Condition
868226001,Acute ST segment elevation myocardial infarction due to occlusion of posterior lateral branch of right coronary artery,SNOMED,Condition
896689003,Acute myocardial infarction due to occlusion of circumflex branch of left coronary artery,SNOMED,Condition
896691006,Acute ST segment elevation myocardial infarction due to occlusion of circumflex branch of left coronary artery,SNOMED,Condition
23311000119105,Acute myocardial infarction due to right coronary artery occlusion,SNOMED,Condition
12238111000119106,Acute ST segment elevation myocardial infarction of inferoposterior wall,SNOMED,Condition
15713081000119108,Acute ST segment elevation myocardial infarction due to left coronary artery occlusion,SNOMED,Condition
15962541000119106,Acute ST segment elevation myocardial infarction of anteroapical wall,SNOMED,Condition
723860000,Arrhythmia due to and following acute myocardial infarction,SNOMED,Condition
194863005,Atrial septal defect due to and following acute myocardial infarction,SNOMED,Condition
233847009,Cardiac rupture due to and following acute myocardial infarction,SNOMED,Condition
827164008,Delayed postmyocardial infarction pericarditis,SNOMED,Condition
827163002,Early postmyocardial infarction pericarditis,SNOMED,Condition
1142308000,Mitral valve regurgitation due to acute myocardial infarction,SNOMED,Condition
703330009,Mitral valve regurgitation due to acute myocardial infarction with papillary muscle and chordal rupture,SNOMED,Condition
42531007,Other acute and subacute forms of ischaemic heart disease,SNOMED,Condition
46109009,Other acute and subacute forms of ischaemic heart disease,SNOMED,Condition
194823009,Other acute and subacute forms of ischaemic heart disease,SNOMED,Condition
194849004,Other acute and subacute forms of ischaemic heart disease,SNOMED,Condition
413439005,Other acute and subacute forms of ischaemic heart disease,SNOMED,Condition
713405002,Other acute and subacute forms of ischaemic heart disease,SNOMED,Condition
71023004,Pericarditis secondary to acute myocardial infarction,SNOMED,Condition
314116003,Post infarct angina,SNOMED,Condition
233929004,Post-infarction mural thrombus,SNOMED,Condition
233885007,Post-infarction pericarditis,SNOMED,Condition
233846000,Post-infarction ventricular septal defect,SNOMED,Condition
66189004,Postmyocardial infarction syndrome,SNOMED,Condition
703360004,Subendocardial infarction episode of care unspecified,SNOMED,Condition
16415081000119104,Supraventricular tachycardia following acute myocardial infarction,SNOMED,Condition
723858002,Ventricular aneurysm due to and following acute myocardial infarction,SNOMED,Condition
233889001,Post-infarction hemopericardium,SNOMED,Condition
129574000,Postoperative myocardial infarction,SNOMED,Condition
429245005,Recurrent coronary arteriosclerosis after percutaneous transluminal coronary angioplasty,SNOMED,Condition
194865003,Rupture of cardiac wall without hemopericardium as current complication following acute myocardial infarction,SNOMED,Condition
16528621000119102,Rupture of interventricular septum following acute myocardial infarction,SNOMED,Condition
30277009,Rupture of ventricle due to acute myocardial infarction,SNOMED,Condition
386138005,Stented coronary artery,SNOMED,Condition
3546002,Coronary artery venous graft,SNOMED,Procedure
11101003,Coronary Angioplasty,SNOMED,Procedure
14201006,Open angioplasty of coronary artery,SNOMED,Procedure
41339005,Coronary angioplasty,SNOMED,Procedure
68466008,Percut transluminal balloon angioplasty one coronary artery,SNOMED,Procedure
85053006,"Percutaneous transluminal coronary angioplasty, multiple vessels",SNOMED,Procedure
175021005,Allograft bypass of coronary artery,SNOMED,Procedure
175029007,Prosthetic replacement of coronary artery,SNOMED,Procedure
232717009,Coronary artery bypass graft,SNOMED,Procedure
232720001,Coronary artery bypass grafts x 2,SNOMED,Procedure
232721002,Coronary artery bypass grafts x 3,SNOMED,Procedure
232722009,Coronary artery bypass grafts x 4,SNOMED,Procedure
399261000,[V]Presence of coronary artery bypass graft,SNOMED,Procedure
429639007,Perc translum balloon angioplasty insert 1-2 stents cor art,SNOMED,Procedure
707828002,Percut translum cutting balloon angioplasty coronary artery,SNOMED,Procedure
736968006,Saphenous vein graft replacement of three coronary arteries,SNOMED,Procedure
736969003,Saphenous vein graft replacement of two coronary arteries,SNOMED,Procedure
736973000,Allograft replacement of two coronary arteries,SNOMED,Procedure
61236006,Aortocoronary artery bypass graft repeated,SNOMED,Procedure
737276005,Aortocoronary bypass graft present,SNOMED,Procedure
131521000119101,Bare metal stent in anterior descending branch of left coronary artery,SNOMED,Procedure
131561000119106,Bare metal stent in branch of right coronary artery,SNOMED,Procedure
131591000119104,Bare metal stent in circumflex branch of left coronary artery,SNOMED,Procedure
286241000119106,Bare metal stent in posterior descending branch of right coronary artery,SNOMED,Procedure
286261000119105,Bypass stent graft present,SNOMED,Procedure
286271000119104,Coronary artery bypass graft stent present,SNOMED,Procedure
737278006,Coronary artery graft present,SNOMED,Procedure
251019006,Coronary bypass graft finding,SNOMED,Procedure
131601000119106,Drug coated stent in anterior descending branch of left coronary artery,SNOMED,Procedure
131551000119109,Drug coated stent in branch of right coronary artery,SNOMED,Procedure
131581000119102,Drug coated stent in circumflex branch of left coronary artery,SNOMED,Procedure
286251000119108,Drug coated stent in posterior descending branch of right coronary artery,SNOMED,Procedure
473155009,History of angioplasty,SNOMED,Procedure
429117009,History of aortofemoral bypass surgery,SNOMED,Procedure
429367008,History of arterial bypass of lower limb artery,SNOMED,Procedure
428308007,History of percutaneous transluminal coronary angioplasty,SNOMED,Procedure
428375006,History of placement of stent for coronary artery disease,SNOMED,Procedure
428912006,History of placement of stent in anterior descending branch of left coronary artery,SNOMED,Procedure
428664003,History of placement of stent in circumflex branch of left coronary artery,SNOMED,Procedure
00.66,History of placement of stent in coronary artery bypass graft,SNOMED,Procedure
371822007,Patient post percutaneous transluminal coronary angioplasty,SNOMED,Procedure
216621000119100,Stent in anterior descending branch of left coronary artery,SNOMED,Procedure
130551000119103,Stent in branch of right coronary artery,SNOMED,Procedure
216631000119102,Stent in circumflex branch of left coronary artery,SNOMED,Procedure
286281000119101,Stent in posterior descending branch of right coronary artery,SNOMED,Procedure
411.2,Myocardial infarction,PheCode,Condition
411.0,Ischemic Heart Disease,PheCode,Condition
411.3,Angina pectoris,PheCode,Condition
411.8,"Other chronic ischemic heart disease, unspecified",PheCode,Condition
411.4,Coronary atherosclerosis,PheCode,Condition
I23.4,Rupture of chordae tendinae without hemopericardium as current complication following acute myocardial infarction,ICD10,Condition
0211xxx,"Bypass of Coronary Artery, Two Arteries",ICD10,Condition
0212xxx,"Bypass of Coronary Artery, Three Arteries",ICD10,Condition
0213xxx,"Bypass of Coronary Artery, Four or More Arteries",ICD10,Condition
0210xxx,"Bypass of Coronary Artery, One Artery",ICD10,Condition
1,Percutaneous transluminal coronary angioplasty [PTCA],ICD9,Condition
36,Open chest coronary artery angioplasty ,ICD9,Condition
430,Certain sequelae of myocardial infarction not elsewhere classified acquired cardiac septal defect,ICD9,Condition
936000000000000,Perc translum ball angio insert 1-2 drug elut stents cor art,SNOMED,Condition
23311000000000,Acute myocardial infarction due to right coronary artery occlusion,SNOMED,Condition
285981000000000,Acute myocardial infarction of other anterior wall episode of care unspecified,SNOMED,Condition
15713000000000000,Acute myocardial infarction of other anterior wall episode of care unspecified,SNOMED,Condition
15712800000000000,Acute myocardial infarction of other lateral wall episode of care unspecified,SNOMED,Condition
15712900000000000,Acute myocardial infarction of other lateral wall episode of care unspecified,SNOMED,Condition
15713200000000000,Acute myocardial infarction of other specified sites episode of care unspecified,SNOMED,Condition
15713100000000000,Acute ST segment elevation myocardial infarction due to left coronary artery occlusion,SNOMED,Condition
15962500000000000,Acute ST segment elevation myocardial infarction of anteroapical wall,SNOMED,Condition
12238100000000000,Acute ST segment elevation myocardial infarction of inferolateral wall,SNOMED,Condition
12238200000000000,Acute ST segment elevation myocardial infarction of inferoposterior wall,SNOMED,Condition
131521000000000,Bare metal stent in anterior descending branch of left coronary artery,SNOMED,Condition
131561000000000,Bare metal stent in branch of right coronary artery,SNOMED,Condition
131591000000000,Bare metal stent in circumflex branch of left coronary artery,SNOMED,Condition
286241000000000,Bare metal stent in posterior descending branch of right coronary artery,SNOMED,Condition
286261000000000,Bypass stent graft present,SNOMED,Condition
11018700000000000,Coronary arteriosclerosis after percutaneous coronary angioplasty,SNOMED,Condition
286271000000000,Coronary artery bypass graft stent present,SNOMED,Condition
131601000000000,Drug coated stent in anterior descending branch of left coronary artery,SNOMED,Condition
131551000000000,Drug coated stent in branch of right coronary artery,SNOMED,Condition
131581000000000,Drug coated stent in circumflex branch of left coronary artery,SNOMED,Condition
286251000000000,Drug coated stent in posterior descending branch of right coronary artery,SNOMED,Condition
130541000000000,History of placement of stent in coronary artery bypass graft,SNOMED,Condition
691471000000000,Other acute and subacute forms of ischaemic heart disease,SNOMED,Condition
373108000,Post percutaneous transluminal coronary angioplasty,SNOMED,Condition
16528600000000000,Rupture of interventricular septum following acute myocardial infarction,SNOMED,Condition
216621000000000,Stent in anterior descending branch of left coronary artery,SNOMED,Condition
130551000000000,Stent in branch of right coronary artery,SNOMED,Condition
216631000000000,Stent in circumflex branch of left coronary artery,SNOMED,Condition
286281000000000,Stent in posterior descending branch of right coronary artery,SNOMED,Condition
16415100000000000,Supraventricular tachycardia following acute myocardial infarction,SNOMED,Condition
410.00 ,Acute myocardial infarction of anterolateral wall episode of care unspecified,ICD-9,Diagnostic
410.01 ,Acute myocardial infarction of anterolateral wall initial episode of care,ICD-9,Diagnostic
410.02,Acute myocardial infarction of anterolatera l wall subsequent episode of care,ICD-9,Diagnostic
410.10,Acute myocardial infarction of other anterior wall episode of care unspecified,ICD-9,Diagnostic
410.11 ,Acute myocardial infarction of other anterior wall initial episode of care,ICD-9,Diagnostic
410.12 ,Acute myocardial infarction of other anterior wall subsequent episode of care,ICD-9,Diagnostic
410.20 ,Acute myocardial infarction of inferolateral wall episode of care unspecified,ICD-9,Diagnostic
410.21 ,Acute myocardial infarction of inferolateral wall initial episode of care,ICD-9,Diagnostic
410.22,Acute myocardial infarction of inferolateral wall subsequent episode of care,ICD-9,Diagnostic
410.30 ,Acute myocardial infarction of inferoposterior wall episode of care unspecified,ICD-9,Diagnostic
410.31,Acute myocardial infarction of inferoposterior wall initial episode of care,ICD-9,Diagnostic
410.32 ,Acute myocardial infarction of inferoposterior wall subsequent episode of care,ICD-9,Diagnostic
410.40 ,Acute myocardial infarction of other inferior wall episode of care unspecified,ICD-9,Diagnostic
410.41 ,Acute myocardial infarction of other inferior wall initial episode of care,ICD-9,Diagnostic
410.42 ,Acute myocardial infarction of other inferior wall subsequent episode of care,ICD-9,Diagnostic
410.50 ,Acute myocardial infarction of other lateral wall episode of care unspecified,ICD-9,Diagnostic
410.51 ,Acute myocardial infarction of other lateral wall initial episode of care,ICD-9,Diagnostic
410.52 ,Acute myocardial infarction of other lateral wall subsequent episode of care,ICD-9,Diagnostic
410.60 ,True posterior wall infarction episode of care unspecified,ICD-9,Diagnostic
410.61 ,True posterior wall infarction initial episode of care,ICD-9,Diagnostic
410.62 ,True posterior wall infarction subsequent episode of care,ICD-9,Diagnostic
410.70 ,Subendocardial infarction episode of care unspecified,ICD-9,Diagnostic
410.71 ,Subendocardial infarction initial episode of care,ICD-9,Diagnostic
410.72 ,Subendocardial infarction subsequent episode of care,ICD-9,Diagnostic
410.80 ,Acute myocardial infarction of other specified sites episode of care unspecified,ICD-9,Diagnostic
410.81 ,Acute myocardial infarction of other specified sites initial episode of care,ICD-9,Diagnostic
410.82 ,Acute myocardial infarction of other specified sites subsequent episode of care,ICD-9,Diagnostic
410.90 ,Acute myocardial infarction of unspecified site episode of care unspecified,ICD-9,Diagnostic
410.91 ,Acute myocardial infarction of unspecified site initial episode of care,ICD-9,Diagnostic
410.92 ,Acute myocardial infarction of unspecified site subsequent episode of care,ICD-9,Diagnostic
412,Old myocardial infarction,ICD-9,Diagnostic
429.71,Certain sequelae of myocardial infarction not elsewhere classified acquired cardiac septal defect,ICD-9,Diagnostic
429.79,Certain sequelae of myocardial infarction not elsewhere classified other,ICD-9,Diagnostic
I21.01,ST elevation (STEMI) myocardial infarction involving left main coronary artery,ICD-10,Diagnostic
I21.02,ST elevation (STEMI) myocardial infarction involving left anterior descending coronary artery,ICD-10,Diagnostic
I21.09,ST elevation (STEMI) myocardial infarction involving other coronary artery of anterior wall,ICD-10,Diagnostic
I21.11,ST elevation (STEMI) myocardial infarction involving right coronary artery,ICD-10,Diagnostic
I21.19,ST elevation (STEMI) myocardial infarction involving other coronary artery of inferior wall,ICD-10,Diagnostic
I21.21,ST elevation (STEMI) myocardial infarction involving left circumflex coronary artery,ICD-10,Diagnostic
I21.29,ST elevation (STEMI) myocardial infarction involving other sites,ICD-10,Diagnostic
I21.3,ST elevation (STEMI) myocardial infarction of unspecified site,ICD-10,Diagnostic
I21.4,Non-ST elevation (NSTEMI) myocardial infarction,ICD-10,Diagnostic
I22.0,Subsequent ST elevation (STEMI) myocardial infarction of anterior wall,ICD-10,Diagnostic
I22.1,Subsequent ST elevation (STEMI) myocardial infarction of inferior wall,ICD-10,Diagnostic
I22.2,Subsequent non-ST elevation (NSTEMI) myocardial infarction,ICD-10,Diagnostic
I22.8,Subsequent ST elevation (STEMI) myocardial infarction of other sites,ICD-10,Diagnostic
I22.9,Subsequent ST elevation (STEMI) myocardial infarction of unspecified site,ICD-10,Diagnostic
I23.0,Hemopericardium as current complication following acute myocardial infarction,ICD-10,Diagnostic
I23.1,Atrial septal defect as current complication following acute myocardial infarction,ICD-10,Diagnostic
I23.2,Ventricular septal defect as current complication following acute myocardial infarction,ICD-10,Diagnostic
I23.3,Rupture of cardiac wall without hemopericardium as current complication following acute myocardial infarction,ICD-10,Diagnostic
I23.4,Rupture of chordae tendinae without hemopericardium as current complication following acute myocardial infarction,ICD-10,Diagnostic
I23.5,Rupture of papillary muscle without hemopericardium as current complication following acute myocardial infarction,ICD-10,Diagnostic
I23.6,"Thrombosis of atrium, auricular appendage, and ventricle as current complications following acute myocardial infarction.",ICD-10,Diagnostic
I23.7,Postinfarction angina,ICD-10,Diagnostic
I23.8,Other current complications following acute myocardial infarction,ICD-10,Diagnostic
I24.1,Dressler's syndrome (postmyocardial infarction syndrome),ICD-10,Diagnostic
I25.2,Old myocardial infarction,ICD-10,Diagnostic
92920,Percutaneous coronary revascularization,CPT-4,Other
92921,Percutaneous coronary revascularization,CPT-4,Other
92924,Percutaneous coronary revascularization,CPT-4,Other
92925,Percutaneous coronary revascularization,CPT-4,Other
92928,Percutaneous coronary revascularization,CPT-4,Other
92929,Percutaneous coronary revascularization,CPT-4,Other
92933,Percutaneous coronary revascularization,CPT-4,Other
92934,Percutaneous coronary revascularization,CPT-4,Other
92937,Percutaneous coronary revascularization,CPT-4,Other
92938,Percutaneous coronary revascularization,CPT-4,Other
92941,Percutaneous coronary revascularization,CPT-4,Other
92943,Percutaneous coronary revascularization,CPT-4,Other
92944,Percutaneous coronary revascularization,CPT-4,Other
92980,Percutaneous coronary revascularization,CPT-4,Other
92981,Percutaneous coronary revascularization,CPT-4,Other
92982,Percutaneous coronary revascularization,CPT-4,Other
92984,Percutaneous coronary revascularization,CPT-4,Other
92995,Percutaneous coronary revascularization,CPT-4,Other
92996,Percutaneous coronary revascularization,CPT-4,Other
92973,Percutaneous coronary revascularization,CPT-4,Other
92974,Percutaneous coronary revascularization,CPT-4,Other
00.66,Percutaneous transluminal coronary angioplasty [PTCA],ICD-9,Other
36.03,Open chest coronary artery angioplasty ,ICD-9,Other
36.04,Intracoronary artery thrombolytic infusion ,ICD-9,Other
36.06,Insertion of non-drug-eluting coronary artery stent(s),ICD-9,Other
36.07,Insertion of drug-eluting coronary artery stent(s),ICD-9,Other
36.09,Other removal of coronary artery obstruction,ICD-9,Other
V45.82,Percutaneous transluminal coronary angioplasty status,ICD-9,Other
0270xxx,"Dilation of Coronary Artery, One Artery",ICD-10,Other
0271xxx,"Dilation of Coronary Artery, Two Arteries",ICD-10,Other
0272xxx,"Dilation of Coronary Artery, Three Arteries",ICD-10,Other
0273xxx,"Dilation of Coronary Artery, Four or More Arteries",ICD-10,Other
02C0xxx,"Extirpation of Coronary Artery, One Artery",ICD-10,Other
02C1xxx,"Extirpation of Coronary Artery, Two Arteries",ICD-10,Other
02C2xxx,"Extirpation of Coronary Artery, Three Arteries",ICD-10,Other
02C3xxx,"Extirpation of Coronary Artery, Four or More Arteries",ICD-10,Other
3E07017,"Introduction of Other Thrombolytic into Coronary Artery, Open Approach",ICD-10,Other
3E070PZ,"Introduction of Platelet Inhibitor into Coronary Artery, Open Approach",ICD-10,Other
3E07317,"Introduction of Other Thrombolytic into Coronary Artery, Percutaneous Approach",ICD-10,Other
3E073PZ,"Introduction of Platelet Inhibitor into Coronary Artery, Percutaneous Approach",ICD-10,Other
Z95.5,Presence of coronary angioplasty implant and graft,ICD-10,Other
Z98.61,Coronary angioplasty status,ICD-10,Other
33510,Coronary bypass surgery,CPT-4,Other
33511,Coronary bypass surgery,CPT-4,Other
33512,Coronary bypass surgery,CPT-4,Other
33513,Coronary bypass surgery,CPT-4,Other
33514,Coronary bypass surgery,CPT-4,Other
33516,Coronary bypass surgery,CPT-4,Other
33517,Coronary bypass surgery,CPT-4,Other
33518,Coronary bypass surgery,CPT-4,Other
33519,Coronary bypass surgery,CPT-4,Other
33521,Coronary bypass surgery,CPT-4,Other
33522,Coronary bypass surgery,CPT-4,Other
33523,Coronary bypass surgery,CPT-4,Other
33533,Coronary bypass surgery,CPT-4,Other
33534,Coronary bypass surgery,CPT-4,Other
33535,Coronary bypass surgery,CPT-4,Other
33536,Coronary bypass surgery,CPT-4,Other
36.10,"Aortocoronary bypass for heart revascularization, not otherwise specified",ICD-9,Other
36.11,(Aorto)coronary bypass of one coronary artery ,ICD-9,Other
36.12,(Aorto)coronary bypass of two coronary arteries ,ICD-9,Other
36.13,(Aorto)coronary bypass of three coronary arteries ,ICD-9,Other
36.14,(Aorto)coronary bypass of four or more coronary arteries,ICD-9,Other
36.15,Single internal mammary-coronary artery bypass ,ICD-9,Other
36.16,Double internal mammary-coronary artery bypass ,ICD-9,Other
36.17,Abdominal-coronary artery bypass ,ICD-9,Other
36.19,Other bypass anastomosis for heart revascularization ,ICD-9,Other
36.2,Heart revascularization by arterial implant ,ICD-9,Other
V45.81,Aortocoronary bypass status,ICD-9,Other
0210xxx,"Bypass of Coronary Artery, One Artery",ICD-10,Other
0211xxx,"Bypass of Coronary Artery, Two Arteries",ICD-10,Other
0212xxx,"Bypass of Coronary Artery, Three Arteries",ICD-10,Other
0213xxx,"Bypass of Coronary Artery, Four or More Arteries",ICD-10,Other
Z95.1,Presence of coronary artery bypass graft,ICD-10,Other
